-- INSERT statements for dim_geo (15 rows)
INSERT INTO dim_geo ("pos_ext_code", "region", "city", "address") VALUES
    ('POS001', 'North Region', 'City1', '123 Main St'),
    ('POS002', 'South Region', 'City2', '456 Elm St'),
    ('POS003', 'East Region', 'City3', '789 Oak St'),
    ('POS004', 'West Region', 'City4', '101 Pine St'),
    ('POS005', 'Central Region', 'City5', '202 Maple St'),
    ('POS006', 'North Region', 'City6', '303 Cedar St'),
    ('POS007', 'South Region', 'City7', '404 Birch St'),
    ('POS008', 'East Region', 'City8', '505 Willow St'),
    ('POS009', 'West Region', 'City9', '606 Spruce St'),
    ('POS010', 'Central Region', 'City10', '707 Redwood St'),
    ('POS011', 'North Region', 'City11', '808 Sequoia St'),
    ('POS012', 'South Region', 'City12', '909 Poplar St'),
    ('POS013', 'East Region', 'City13', '1010 Pine St'),
    ('POS014', 'West Region', 'City14', '1111 Oak St'),
    ('POS015', 'Central Region', 'City15', '1212 Elm St');

-- INSERT statements for dim_matrix_goals (15 rows)
INSERT INTO dim_matrix_goals ("pos_id", "matrix") VALUES
    ('POS001', 1),
    ('POS002', 3),
    ('POS003', 2),
    ('POS004', 2),
    ('POS005', 1),
    ('POS006', 3),
    ('POS007', 2),
    ('POS008', 2),
    ('POS009', 1),
    ('POS010', 3),
    ('POS011', 2),
    ('POS012', 2),
    ('POS013', 1),
    ('POS014', 3),
    ('POS015', 2);

-- INSERT statements for dim_matrix_assortment (15 rows)

INSERT INTO dim_matrix_assortment ("sku_internal_code", "matrix") VALUES
    ('SNK001', 1),
    ('MAR001', 2),
    ('BNT001', 3),
    ('TWX001', 1),
    ('MWY001', 2),
    ('MUS001', 3),
    ('SKT001', 1),
    ('STB001', 2),
    ('DBM001', 3),
    ('JF001', 1),
    ('KK001', 2),
    ('RS001', 3),
    ('TR001', 1),
    ('LNDT001', 2),
    ('FR001', 3);


-- INSERT statements for dim_sku_mapping (15 rows)
INSERT INTO dim_sku_mapping ("sku_ext_code", "sku_internal_code", "sku_internal_name", "manufacturer") VALUES
    ('SKU001', 'SNK001', 'Snickers', 'Mars, Inc.'),
    ('SKU002', 'MAR001', 'Mars', 'Mars, Inc.'),
    ('SKU003', 'BNT001', 'Bounty', 'Mars, Inc.'),
    ('SKU004', 'TWX001', 'Twix', 'Mars, Inc.'),
    ('SKU005', 'MWY001', 'Milky Way', 'Mars, Inc.'),
    ('SKU006', 'MUS001', '3 Musketeers', 'Mars, Inc.'),
    ('SKU007', 'SKT001', 'Skittles', 'Wrigley'),
    ('SKU008', 'STB001', 'Starburst', 'Wrigley'),
    ('SKU009', 'DBM001', 'Doublemint', 'Wrigley'),
    ('SKU010', 'JF001', 'Juicy Fruit', 'Wrigley'),
    ('SKU011', 'KK001', 'Kit Kat', 'Nestle'),
    ('SKU012', 'RS001', 'Reese''s', 'Hershey Company'),
    ('SKU013', 'TR001', 'Tootsie Roll', 'Tootsie Roll Industries'),
    ('SKU014', 'LNDT001', 'Lindt', 'Lindt & Sprüngli'),
    ('SKU015', 'FR001', 'Ferrero Rocher', 'Ferrero Group'),
    ('SKU016', 'SNK003', 'Snickers Crunch', 'Mars, Inc.'),
    ('SKU017', 'MAR003', 'Mars Dark', 'Mars, Inc.'),
    ('SKU018', 'BNT003', 'Bounty Almond', 'Mars, Inc.'),
    ('SKU019', 'TWX002', 'Twix Peanut Butter', 'Mars, Inc.'),
    ('SKU020', 'MWY002', 'Milky Way Midnight', 'Mars, Inc.'),
    ('SKU021', 'MUS002', '3 Musketeers Mint', 'Mars, Inc.'),
    ('SKU022', 'SKT002', 'Skittles Sour', 'Wrigley'),
    ('SKU023', 'STB002', 'Starburst Tropical', 'Wrigley'),
    ('SKU024', 'DBM002', 'Doublemint Wintergreen', 'Wrigley'),
    ('SKU025', 'JF002', 'Juicy Fruit Strawberry', 'Wrigley'),
    ('SKU026', 'KK002', 'Kit Kat Dark', 'Nestle'),
    ('SKU027', 'RS002', 'Reese''s Pieces', 'Hershey Company'),
    ('SKU028', 'TR002', 'Tootsie Roll Vanilla', 'Tootsie Roll Industries'),
    ('SKU029', 'LNDT002', 'Lindt Swiss', 'Lindt & Sprüngli'),
    ('SKU030', 'FR002', 'Ferrero Rocher Hazelnut', 'Ferrero Group'),
    ('SKU031', 'SNK004', 'Snickers Almond', 'Mars, Inc.'),
    ('SKU032', 'MAR004', 'Mars Hazelnut', 'Mars, Inc.'),
    ('SKU033', 'BNT004', 'Bounty Dark', 'Mars, Inc.'),
    ('SKU034', 'TWX003', 'Twix Dark Chocolate', 'Mars, Inc.'),
    ('SKU035', 'MWY003', 'Milky Way Caramel', 'Mars, Inc.');


-- INSERT statements for fact_daily_sales (External codes)
INSERT INTO fact_daily_sales ("sales_qty_rsv", "sales_qty_units", "date", "sku_ext_code", "pos_ext_code") VALUES
    (85.0, 42, '2023-09-03', 'SKU001', 'POS001'),
    (60.3, 30, '2023-09-03', 'SKU002', 'POS002'),
    (45.1, 22, '2023-09-04', 'SKU003', 'POS003'),
    (110.8, 55, '2023-09-05', 'SKU001', 'POS001'),
    (92.6, 46, '2023-09-05', 'SKU002', 'POS002'),
    (38.9, 19, '2023-09-06', 'SKU003', 'POS003'),
    (75.5, 37, '2023-09-07', 'SKU001', 'POS001'),
    (55.2, 28, '2023-09-07', 'SKU002', 'POS002'),
    (42.0, 21, '2023-09-08', 'SKU003', 'POS003'),
    (95.3, 47, '2023-09-09', 'SKU001', 'POS001'),
    (72.1, 36, '2023-09-09', 'SKU002', 'POS002'),
    (49.8, 24, '2023-09-10', 'SKU003', 'POS003'),
    (73.2, 36, '2023-09-15', 'SKU004', 'POS004'),
    (62.5, 31, '2023-09-16', 'SKU005', 'POS005'),
    (47.3, 23, '2023-09-17', 'SKU006', 'POS006'),
    (98.7, 49, '2023-09-18', 'SKU004', 'POS004'),
    (81.4, 40, '2023-09-18', 'SKU005', 'POS005'),
    (34.6, 17, '2023-09-19', 'SKU006', 'POS006'),
    (70.8, 35, '2023-09-20', 'SKU004', 'POS004'),
    (52.1, 26, '2023-09-21', 'SKU005', 'POS005'),
    (40.5, 20, '2023-09-22', 'SKU006', 'POS006'),
    (93.9, 47, '2023-09-23', 'SKU004', 'POS004'),
    (63.8, 31, '2023-08-15', 'SKU004', 'POS004'),
    (55.6, 27, '2023-08-16', 'SKU005', 'POS005'),
    (42.7, 21, '2023-08-17', 'SKU006', 'POS006'),
    (88.4, 44, '2023-07-25', 'SKU004', 'POS004'),
    (71.3, 35, '2023-07-26', 'SKU005', 'POS005'),
    (29.9, 15, '2023-07-27', 'SKU006', 'POS006'),
    (67.2, 33, '2023-06-14', 'SKU004', 'POS004'),
    (49.5, 24, '2023-06-15', 'SKU005', 'POS005'),
    (37.1, 18, '2023-06-16', 'SKU006', 'POS006'),
    (95.0, 47, '2023-05-23', 'SKU004', 'POS004'),
    (23.8, 11,'2023-08-15', 'SKU004', 'POS004'),
    (17.9,10, '2023-08-16', 'SKU005', 'POS005'),
    (11.3,10, '2023-08-17', 'SKU006', 'POS006'),
    (28.7, 2,'2023-07-25', 'SKU004', 'POS004'),
    (21.6, 2,'2023-07-26', 'SKU005', 'POS005'),
    (9.2, 3,'2023-07-27', 'SKU006', 'POS006'),
    (22.4,11, '2023-06-14', 'SKU004', 'POS004'),
    (16.7, 2,'2023-06-15', 'SKU005', 'POS005'),
    (10.1, 8,'2023-06-16', 'SKU006', 'POS006'),
    (85.0, 42, '2023-09-03', 'SKU001', 'POS001'),
    (60.3, 30, '2023-09-03', 'SKU002', 'POS002'),
    (45.1, 22, '2023-09-04', 'SKU003', 'POS003'),
    (110.8, 55, '2023-09-05', 'SKU001', 'POS001'),
    (92.6, 46, '2023-09-05', 'SKU002', 'POS002'),
    (38.9, 19, '2023-09-06', 'SKU003', 'POS003'),
    (75.5, 37, '2023-09-07', 'SKU001', 'POS001'),
    (55.2, 28, '2023-09-07', 'SKU002', 'POS002'),
    (42.0, 21, '2023-09-08', 'SKU003', 'POS003'),
    (95.3, 47, '2023-09-09', 'SKU001', 'POS001'),
    (72.1, 36, '2023-09-09', 'SKU002', 'POS002'),
    (49.8, 24, '2023-09-10', 'SKU003', 'POS003'),
    (73.2, 36, '2023-09-15', 'SKU004', 'POS004'),
    (62.5, 31, '2023-09-16', 'SKU005', 'POS005'),
    (47.3, 23, '2023-09-17', 'SKU006', 'POS006'),
    (98.7, 49, '2023-09-18', 'SKU004', 'POS004'),
    (81.4, 40, '2023-09-18', 'SKU005', 'POS005'),
    (34.6, 17, '2023-09-19', 'SKU006', 'POS006'),
    (70.8, 35, '2023-09-20', 'SKU004', 'POS004'),
    (52.1, 26, '2023-09-21', 'SKU005', 'POS005'),
    (40.5, 20, '2023-09-22', 'SKU006', 'POS006'),
    (93.9, 47, '2023-09-23', 'SKU004', 'POS004'),
    (63.8, 31, '2023-08-15', 'SKU004', 'POS004'),
    (55.6, 27, '2023-08-16', 'SKU005', 'POS005'),
    (42.7, 21, '2023-08-17', 'SKU006', 'POS006'),
    (88.4, 44, '2023-07-25', 'SKU004', 'POS004'),
    (71.3, 35, '2023-07-26', 'SKU005', 'POS005'),
    (29.9, 15, '2023-07-27', 'SKU006', 'POS006'),
    (67.2, 33, '2023-06-14', 'SKU004', 'POS004'),
    (49.5, 24, '2023-06-15', 'SKU005', 'POS005'),
    (37.1, 18, '2023-06-16', 'SKU006', 'POS006'),
    (95.0, 47, '2023-05-23', 'SKU004', 'POS004'),
    (23.8,11, '2023-08-15', 'SKU004', 'POS004'),
    (17.9, 8,'2023-08-16', 'SKU005', 'POS005'),
    (11.3, 2,'2023-08-17', 'SKU006', 'POS006'),
    (28.7, 2,'2023-07-25', 'SKU004', 'POS004'),
    (21.6, 20,'2023-07-26', 'SKU005', 'POS005'),
    (9.2, 2,'2023-07-27', 'SKU006', 'POS006'),
    (22.4,2, '2023-06-14', 'SKU004', 'POS004'),
    (16.7, 8,'2023-06-15', 'SKU005', 'POS005'),
    (10.1, 6,'2023-06-16', 'SKU006', 'POS006'),
    (26.5, 6,'2023-05-23', 'SKU004', 'POS004'),
    (25.0, 5,'2023-09-15', 'SKU004', 'POS004'),
    (18.2, 8,'2023-09-16', 'SKU005', 'POS005'),
    (12.7, 9,'2023-09-17', 'SKU006', 'POS006'),
    (30.5, 10,'2023-09-18', 'SKU004', 'POS004'),
    (22.8, 11,'2023-09-18', 'SKU005', 'POS005'),
    (9.6, 2,'2023-09-19', 'SKU006', 'POS006'),
    (23.7, 3,'2023-09-20', 'SKU004', 'POS004'),
    (17.1, 4,'2023-09-21', 'SKU005', 'POS005'),
    (11.9, 5,'2023-09-22', 'SKU006', 'POS006'),
    (27.3, 8,'2023-09-23', 'SKU004', 'POS004');

INSERT INTO fact_daily_stock ("stock_qty", "date", "sku_ext_code", "pos_ext_code") 
VALUES
    (200.0, '2023-09-03', 'SKU001', 'POS001'),
    (150.0, '2023-09-03', 'SKU002', 'POS002'),
    (100.0, '2023-09-03', 'SKU003', 'POS003'),
    (220.0, '2023-09-04', 'SKU001', 'POS001'),
    (160.0, '2023-09-04', 'SKU002', 'POS002'),
    (110.0, '2023-09-04', 'SKU003', 'POS003'),
    (210.0, '2023-09-05', 'SKU001', 'POS001'),
    (140.0, '2023-09-05', 'SKU002', 'POS002'),
    (90.0, '2023-09-05', 'SKU003', 'POS003'),
    (230.0, '2023-09-06', 'SKU001', 'POS001'),
    (170.0, '2023-09-06', 'SKU002', 'POS002'),
    (120.0, '2023-09-06', 'SKU003', 'POS003'),
    (240.0, '2023-09-07', 'SKU001', 'POS001'),
    (180.0, '2023-09-07', 'SKU002', 'POS002'),
    (130.0, '2023-09-07', 'SKU003', 'POS003'),
    (250.0, '2023-09-08', 'SKU001', 'POS001'),
    (200.0, '2023-09-08', 'SKU002', 'POS002'),
    (140.0, '2023-09-08', 'SKU003', 'POS003'),
    (260.0, '2023-09-09', 'SKU001', 'POS001'),
    (220.0, '2023-09-09', 'SKU002', 'POS002'),
    (150.0, '2023-09-09', 'SKU003', 'POS003'),
    (270.0, '2023-09-10', 'SKU001', 'POS001'),
    (240.0, '2023-09-10', 'SKU002', 'POS002'),
    (160.0, '2023-09-10', 'SKU003', 'POS003'),
    (280.0, '2023-09-11', 'SKU001', 'POS001'),
    (260.0, '2023-09-11', 'SKU002', 'POS002'),
    (170.0, '2023-09-11', 'SKU003', 'POS003'),
    (290.0, '2023-09-12', 'SKU001', 'POS001'),
    (280.0, '2023-09-12', 'SKU002', 'POS002'),
    (180.0, '2023-09-12', 'SKU003', 'POS003'),
    (210.0, '2023-09-13', 'SKU001', 'POS001'),
    (240.0, '2023-09-13', 'SKU002', 'POS002'),
    (190.0, '2023-09-13', 'SKU003', 'POS003'),
    (220.0, '2023-09-14', 'SKU001', 'POS001'),
    (260.0, '2023-09-14', 'SKU002', 'POS002'),
    (200.0, '2023-09-14', 'SKU003', 'POS003'),
    (230.0, '2023-09-15', 'SKU001', 'POS001'),
    (280.0, '2023-09-15', 'SKU002', 'POS002'),
    (210.0, '2023-09-15', 'SKU003', 'POS003'),
    (240.0, '2023-09-16', 'SKU001', 'POS001'),
    (300.0, '2023-09-16', 'SKU002', 'POS002'),
    (220.0, '2023-09-16', 'SKU003', 'POS003'),
    (250.0, '2023-09-17', 'SKU001', 'POS001'),
    (320.0, '2023-09-17', 'SKU002', 'POS002'),
    (230.0, '2023-09-17', 'SKU003', 'POS003'),
    (260.0, '2023-09-18', 'SKU001', 'POS001'),
    (340.0, '2023-09-18', 'SKU002', 'POS002'),
    (240.0, '2023-09-18', 'SKU003', 'POS003'),
    (270.0, '2023-09-19', 'SKU001', 'POS001'),
    (360.0, '2023-09-19', 'SKU002', 'POS002'),
    (250.0, '2023-09-19', 'SKU003', 'POS003'),
    (280.0, '2023-09-20', 'SKU001', 'POS001'),
    (380.0, '2023-09-20', 'SKU002', 'POS002'),
    (260.0, '2023-09-20', 'SKU003', 'POS003'),
    (290.0, '2023-09-21', 'SKU001', 'POS001'),
    (400.0, '2023-09-21', 'SKU002', 'POS002'),
    (270.0, '2023-09-21', 'SKU003', 'POS003'),
    (300.0, '2023-09-22', 'SKU001', 'POS001'),
    (420.0, '2023-09-22', 'SKU002', 'POS002'),
    (280.0, '2023-09-22', 'SKU003', 'POS003'),
    (299.0, '2023-09-22', 'SKU003', 'POS003'),
    (302.0, '2023-09-22', 'SKU003', 'POS003'),
    (310.0, '2023-09-23', 'SKU001', 'POS001'),
    (440.0, '2023-09-23', 'SKU002', 'POS002'),
    (290.0, '2023-09-23', 'SKU003', 'POS003');